"Kommunenummer campus";"Årstall";"Antall"
"0101";"2019";"39"
"0101";"2019";"50"
"0101";"2019";"63"
"0101";"2019";"92"
"0101";"2019";"100"
"0101";"2019";"84"
"0101";"2019";"91"
"0101";"2019";"80"
"0101";"2019";"144"
"0101";"2019";"90"
"0101";"2019";"110"
"0101";"2019";"48"
"0101";"2019";"91"
"0101";"2019";"28"
"0101";"2019";"75"
"0101";"2019";"112"
"0101";"2019";"85"
"0101";"2019";"90"
"0101";"2019";"171"
"0101";"2019";"126"
"0101";"2019";"44"
"0101";"2019";"46"
"0101";"2019";"168"
"0101";"2019";"100"
"0101";"2019";"208"
"0101";"2019";"27"
"0101";"2019";"140"
"0101";"2019";"145"
"0101";"2019";"30"
"0101";"2019";"31"
"0101";"2019";"64"
"0101";"2019";"99"
"0101";"2019";"70"
"0101";"2019";"36"
"0101";"2019";"111"
"0101";"2019";"39"
"0101";"2019";"126"
"0101";"2019";"129"
"0101";"2019";"44"
"0101";"2019";"184"
"0101";"2019";"141"
"0101";"2019";"48"
"0101";"2019";"147"
"0101";"2019";"100"
"0101";"2019";"51"
"0101";"2019";"106"
"0101";"2019";"108"
"0101";"2019";"110"
"0101";"2019";"57"
"0101";"2019";"118"
"0101";"2019";"63"
"0101";"2019";"64"
"0101";"2019";"65"
"0101";"2019";"66"
"0101";"2019";"72"
"0101";"2019";"219"
"0101";"2019";"76"
"0101";"2019";"79"
"0101";"2019";"160"
"0101";"2019";"81"
"0101";"2019";"164"
"0101";"2019";"83"
"0101";"2019";"92"
"0101";"2019";"93"
"0101";"2019";"104"
"0101";"2019";"106"
"0101";"2019";"107"
"0101";"2019";"109"
"0101";"2019";"110"
"0101";"2019";"112"
"0101";"2019";"121"
"0101";"2019";"124"
"0101";"2019";"126"
"0101";"2019";"127"
"0101";"2019";"137"
"0101";"2019";"138"
"0101";"2019";"140"
"0101";"2019";"145"
"0101";"2019";"162"
"0101";"2019";"178"
"0101";"2019";"179"
"0101";"2019";"229"
"0101";"2019";"258"
"0106";"2019";"27"
"0106";"2019";"26"
"0106";"2019";"27"
"0106";"2019";"32"
"0106";"2019";"30"
"0106";"2019";"54"
"0106";"2019";"28"
"0106";"2019";"56"
"0106";"2019";"54"
"0106";"2019";"30"
"0106";"2019";"22"
"0106";"2019";"36"
"0106";"2019";"42"
"0106";"2019";"15"
"0106";"2019";"32"
"0106";"2019";"34"
"0106";"2019";"54"
"0106";"2019";"57"
"0106";"2019";"60"
"0106";"2019";"42"
"0106";"2019";"69"
"0106";"2019";"25"
"0106";"2019";"78"
"0106";"2019";"54"
"0106";"2019";"28"
"0106";"2019";"58"
"0106";"2019";"60"
"0106";"2019";"93"
"0106";"2019";"33"
"0106";"2019";"68"
"0106";"2019";"35"
"0106";"2019";"37"
"0106";"2019";"152"
"0106";"2019";"39"
"0106";"2019";"40"
"0106";"2019";"41"
"0106";"2019";"43"
"0106";"2019";"45"
"0106";"2019";"53"
"0106";"2019";"58"
"0106";"2019";"118"
"0106";"2019";"63"
"0106";"2019";"69"
"0106";"2019";"71"
"0106";"2019";"74"
"0106";"2019";"158"
"0106";"2019";"81"
"0106";"2019";"83"
"0106";"2019";"85"
"0106";"2019";"91"
"0106";"2019";"92"
"0106";"2019";"94"
"0106";"2019";"105"
"0106";"2019";"128"
"0106";"2019";"280"
"0106";"2019";"141"
"0106";"2019";"183"
"0106";"2019";"209"
"0106";"2019";"514"
"0106";"2019";"560"
"0203";"2019";"0"
"0203";"2019";"4"
"0203";"2019";"5"
"0203";"2019";"20"
"0203";"2019";"16"
"0203";"2019";"17"
"0214";"2019";"89"
"0214";"2019";"86"
"0214";"2019";"135"
"0214";"2019";"116"
"0214";"2019";"145"
"0214";"2019";"114"
"0214";"2019";"105"
"0214";"2019";"112"
"0214";"2019";"117"
"0214";"2019";"90"
"0214";"2019";"187"
"0214";"2019";"60"
"0214";"2019";"117"
"0214";"2019";"56"
"0214";"2019";"90"
"0214";"2019";"128"
"0214";"2019";"187"
"0214";"2019";"252"
"0214";"2019";"76"
"0214";"2019";"120"
"0214";"2019";"210"
"0214";"2019";"154"
"0214";"2019";"115"
"0214";"2019";"120"
"0214";"2019";"75"
"0214";"2019";"182"
"0214";"2019";"54"
"0214";"2019";"112"
"0214";"2019";"116"
"0214";"2019";"120"
"0214";"2019";"124"
"0214";"2019";"32"
"0214";"2019";"99"
"0214";"2019";"102"
"0214";"2019";"140"
"0214";"2019";"144"
"0214";"2019";"74"
"0214";"2019";"266"
"0214";"2019";"78"
"0214";"2019";"160"
"0214";"2019";"41"
"0214";"2019";"126"
"0214";"2019";"86"
"0214";"2019";"138"
"0214";"2019";"47"
"0214";"2019";"96"
"0214";"2019";"150"
"0214";"2019";"204"
"0214";"2019";"260"
"0214";"2019";"53"
"0214";"2019";"162"
"0214";"2019";"110"
"0214";"2019";"116"
"0214";"2019";"118"
"0214";"2019";"60"
"0214";"2019";"63"
"0214";"2019";"64"
"0214";"2019";"66"
"0214";"2019";"67"
"0214";"2019";"68"
"0214";"2019";"207"
"0214";"2019";"70"
"0214";"2019";"142"
"0214";"2019";"74"
"0214";"2019";"75"
"0214";"2019";"76"
"0214";"2019";"231"
"0214";"2019";"78"
"0214";"2019";"79"
"0214";"2019";"82"
"0214";"2019";"85"
"0214";"2019";"176"
"0214";"2019";"186"
"0214";"2019";"192"
"0214";"2019";"97"
"0214";"2019";"101"
"0214";"2019";"103"
"0214";"2019";"114"
"0214";"2019";"124"
"0214";"2019";"132"
"0214";"2019";"139"
"0214";"2019";"171"
"0214";"2019";"188"
"0219";"2019";"17"
"0219";"2019";"24"
"0219";"2019";"18"
"0219";"2019";"28"
"0219";"2019";"25"
"0219";"2019";"12"
"0219";"2019";"7"
"0219";"2019";"16"
"0219";"2019";"9"
"0219";"2019";"10"
"0219";"2019";"11"
"0219";"2019";"14"
"0219";"2019";"15"
"0219";"2019";"19"
"0219";"2019";"20"
"0219";"2019";"44"
"0219";"2019";"46"
"0219";"2019";"24"
"0219";"2019";"52"
"0219";"2019";"32"
"0219";"2019";"33"
"0219";"2019";"34"
"0219";"2019";"35"
"0219";"2019";"37"
"0219";"2019";"42"
"0219";"2019";"49"
"0219";"2019";"53"
"0219";"2019";"70"
"0219";"2019";"71"
"0219";"2019";"81"
"0219";"2019";"83"
"0219";"2019";"141"
"0219";"2019";"162"
"0231";"2019";"54"
"0231";"2019";"62"
"0231";"2019";"84"
"0231";"2019";"40"
"0231";"2019";"80"
"0231";"2019";"84"
"0231";"2019";"112"
"0231";"2019";"40"
"0231";"2019";"36"
"0231";"2019";"90"
"0231";"2019";"77"
"0231";"2019";"60"
"0231";"2019";"65"
"0231";"2019";"84"
"0231";"2019";"60"
"0231";"2019";"16"
"0231";"2019";"51"
"0231";"2019";"54"
"0231";"2019";"114"
"0231";"2019";"80"
"0231";"2019";"84"
"0231";"2019";"88"
"0231";"2019";"69"
"0231";"2019";"96"
"0231";"2019";"100"
"0231";"2019";"78"
"0231";"2019";"54"
"0231";"2019";"84"
"0231";"2019";"60"
"0231";"2019";"32"
"0231";"2019";"33"
"0231";"2019";"68"
"0231";"2019";"35"
"0231";"2019";"72"
"0231";"2019";"37"
"0231";"2019";"38"
"0231";"2019";"117"
"0231";"2019";"40"
"0231";"2019";"82"
"0231";"2019";"86"
"0231";"2019";"132"
"0231";"2019";"45"
"0231";"2019";"46"
"0231";"2019";"94"
"0231";"2019";"96"
"0231";"2019";"150"
"0231";"2019";"255"
"0231";"2019";"53"
"0231";"2019";"54"
"0231";"2019";"168"
"0231";"2019";"177"
"0231";"2019";"60"
"0231";"2019";"61"
"0231";"2019";"63"
"0231";"2019";"192"
"0231";"2019";"68"
"0231";"2019";"70"
"0231";"2019";"72"
"0231";"2019";"76"
"0231";"2019";"80"
"0231";"2019";"81"
"0231";"2019";"82"
"0231";"2019";"89"
"0231";"2019";"98"
"0231";"2019";"142"
"0231";"2019";"157"
"0231";"2019";"189"
"0231";"2019";"193"
"0231";"2019";"214"
"0231";"2019";"231"
"0231";"2019";"252"
"0231";"2019";"418"
"0231";"2019";"455"
"0301";"2019";"686"
"0301";"2019";"764"
"0301";"2019";"930"
"0301";"2019";"920"
"0301";"2019";"980"
"0301";"2019";"1056"
"0301";"2019";"1085"
"0301";"2019";"992"
"0301";"2019";"1098"
"0301";"2019";"1160"
"0301";"2019";"1067"
"0301";"2019";"1092"
"0301";"2019";"1378"
"0301";"2019";"1106"
"0301";"2019";"1275"
"0301";"2019";"1104"
"0301";"2019";"1326"
"0301";"2019";"1008"
"0301";"2019";"1273"
"0301";"2019";"1040"
"0301";"2019";"1092"
"0301";"2019";"1144"
"0301";"2019";"1587"
"0301";"2019";"1128"
"0301";"2019";"1125"
"0301";"2019";"1118"
"0301";"2019";"1080"
"0301";"2019";"1092"
"0301";"2019";"928"
"0301";"2019";"870"
"0301";"2019";"1023"
"0301";"2019";"1056"
"0301";"2019";"924"
"0301";"2019";"646"
"0301";"2019";"805"
"0301";"2019";"828"
"0301";"2019";"962"
"0301";"2019";"912"
"0301";"2019";"1014"
"0301";"2019";"880"
"0301";"2019";"1025"
"0301";"2019";"882"
"0301";"2019";"602"
"0301";"2019";"704"
"0301";"2019";"450"
"0301";"2019";"828"
"0301";"2019";"893"
"0301";"2019";"912"
"0301";"2019";"343"
"0301";"2019";"1000"
"0301";"2019";"663"
"0301";"2019";"624"
"0301";"2019";"583"
"0301";"2019";"486"
"0301";"2019";"825"
"0301";"2019";"560"
"0301";"2019";"570"
"0301";"2019";"986"
"0301";"2019";"885"
"0301";"2019";"300"
"0301";"2019";"244"
"0301";"2019";"620"
"0301";"2019";"378"
"0301";"2019";"640"
"0301";"2019";"325"
"0301";"2019";"396"
"0301";"2019";"603"
"0301";"2019";"408"
"0301";"2019";"897"
"0301";"2019";"490"
"0301";"2019";"426"
"0301";"2019";"720"
"0301";"2019";"949"
"0301";"2019";"666"
"0301";"2019";"300"
"0301";"2019";"380"
"0301";"2019";"462"
"0301";"2019";"390"
"0301";"2019";"237"
"0301";"2019";"720"
"0301";"2019";"405"
"0301";"2019";"246"
"0301";"2019";"664"
"0301";"2019";"252"
"0301";"2019";"255"
"0301";"2019";"516"
"0301";"2019";"87"
"0301";"2019";"352"
"0301";"2019";"356"
"0301";"2019";"900"
"0301";"2019";"546"
"0301";"2019";"460"
"0301";"2019";"372"
"0301";"2019";"752"
"0301";"2019";"760"
"0301";"2019";"480"
"0301";"2019";"388"
"0301";"2019";"196"
"0301";"2019";"297"
"0301";"2019";"600"
"0301";"2019";"101"
"0301";"2019";"612"
"0301";"2019";"208"
"0301";"2019";"420"
"0301";"2019";"530"
"0301";"2019";"321"
"0301";"2019";"216"
"0301";"2019";"545"
"0301";"2019";"110"
"0301";"2019";"222"
"0301";"2019";"112"
"0301";"2019";"678"
"0301";"2019";"345"
"0301";"2019";"348"
"0301";"2019";"234"
"0301";"2019";"354"
"0301";"2019";"119"
"0301";"2019";"360"
"0301";"2019";"726"
"0301";"2019";"366"
"0301";"2019";"615"
"0301";"2019";"248"
"0301";"2019";"125"
"0301";"2019";"630"
"0301";"2019";"889"
"0301";"2019";"640"
"0301";"2019";"130"
"0301";"2019";"131"
"0301";"2019";"264"
"0301";"2019";"266"
"0301";"2019";"670"
"0301";"2019";"272"
"0301";"2019";"548"
"0301";"2019";"552"
"0301";"2019";"280"
"0301";"2019";"282"
"0301";"2019";"142"
"0301";"2019";"143"
"0301";"2019";"432"
"0301";"2019";"145"
"0301";"2019";"292"
"0301";"2019";"296"
"0301";"2019";"302"
"0301";"2019";"152"
"0301";"2019";"306"
"0301";"2019";"154"
"0301";"2019";"155"
"0301";"2019";"156"
"0301";"2019";"477"
"0301";"2019";"320"
"0301";"2019";"486"
"0301";"2019";"978"
"0301";"2019";"164"
"0301";"2019";"165"
"0301";"2019";"166"
"0301";"2019";"170"
"0301";"2019";"171"
"0301";"2019";"172"
"0301";"2019";"346"
"0301";"2019";"174"
"0301";"2019";"528"
"0301";"2019";"177"
"0301";"2019";"179"
"0301";"2019";"181"
"0301";"2019";"366"
"0301";"2019";"186"
"0301";"2019";"188"
"0301";"2019";"189"
"0301";"2019";"570"
"0301";"2019";"768"
"0301";"2019";"193"
"0301";"2019";"195"
"0301";"2019";"196"
"0301";"2019";"197"
"0301";"2019";"594"
"0301";"2019";"199"
"0301";"2019";"200"
"0301";"2019";"201"
"0301";"2019";"202"
"0301";"2019";"406"
"0301";"2019";"206"
"0301";"2019";"414"
"0301";"2019";"208"
"0301";"2019";"209"
"0301";"2019";"210"
"0301";"2019";"422"
"0301";"2019";"636"
"0301";"2019";"639"
"0301";"2019";"436"
"0301";"2019";"219"
"0301";"2019";"442"
"0301";"2019";"222"
"0301";"2019";"224"
"0301";"2019";"230"
"0301";"2019";"231"
"0301";"2019";"233"
"0301";"2019";"234"
"0301";"2019";"236"
"0301";"2019";"474"
"0301";"2019";"476"
"0301";"2019";"239"
"0301";"2019";"480"
"0301";"2019";"964"
"0301";"2019";"729"
"0301";"2019";"488"
"0301";"2019";"738"
"0301";"2019";"247"
"0301";"2019";"252"
"0301";"2019";"254"
"0301";"2019";"512"
"0301";"2019";"514"
"0301";"2019";"261"
"0301";"2019";"528"
"0301";"2019";"269"
"0301";"2019";"270"
"0301";"2019";"542"
"0301";"2019";"277"
"0301";"2019";"566"
"0301";"2019";"294"
"0301";"2019";"307"
"0301";"2019";"309"
"0301";"2019";"622"
"0301";"2019";"319"
"0301";"2019";"324"
"0301";"2019";"340"
"0301";"2019";"686"
"0301";"2019";"346"
"0301";"2019";"700"
"0301";"2019";"352"
"0301";"2019";"365"
"0301";"2019";"367"
"0301";"2019";"372"
"0301";"2019";"374"
"0301";"2019";"375"
"0301";"2019";"377"
"0301";"2019";"378"
"0301";"2019";"381"
"0301";"2019";"385"
"0301";"2019";"386"
"0301";"2019";"388"
"0301";"2019";"782"
"0301";"2019";"394"
"0301";"2019";"397"
"0301";"2019";"408"
"0301";"2019";"413"
"0301";"2019";"418"
"0301";"2019";"427"
"0301";"2019";"441"
"0301";"2019";"449"
"0301";"2019";"451"
"0301";"2019";"475"
"0301";"2019";"479"
"0301";"2019";"966"
"0301";"2019";"491"
"0301";"2019";"493"
"0301";"2019";"517"
"0301";"2019";"521"
"0301";"2019";"531"
"0301";"2019";"1086"
"0301";"2019";"563"
"0301";"2019";"568"
"0301";"2019";"583"
"0301";"2019";"598"
"0301";"2019";"603"
"0301";"2019";"605"
"0301";"2019";"606"
"0301";"2019";"628"
"0301";"2019";"648"
"0301";"2019";"668"
"0301";"2019";"697"
"0301";"2019";"763"
"0301";"2019";"796"
"0301";"2019";"831"
"0301";"2019";"844"
"0301";"2019";"901"
"0301";"2019";"906"
"0301";"2019";"953"
"0301";"2019";"1017"
"0301";"2019";"1022"
"0301";"2019";"1094"
"0301";"2019";"1165"
"0301";"2019";"1186"
"0301";"2019";"1510"
"0301";"2019";"1563"
"0402";"2019";"172"
"0402";"2019";"134"
"0402";"2019";"158"
"0403";"2019";"24"
"0403";"2019";"30"
"0403";"2019";"42"
"0403";"2019";"76"
"0403";"2019";"65"
"0403";"2019";"84"
"0403";"2019";"49"
"0403";"2019";"72"
"0403";"2019";"81"
"0403";"2019";"100"
"0403";"2019";"66"
"0403";"2019";"108"
"0403";"2019";"78"
"0403";"2019";"98"
"0403";"2019";"60"
"0403";"2019";"128"
"0403";"2019";"51"
"0403";"2019";"126"
"0403";"2019";"95"
"0403";"2019";"20"
"0403";"2019";"84"
"0403";"2019";"66"
"0403";"2019";"92"
"0403";"2019";"96"
"0403";"2019";"100"
"0403";"2019";"78"
"0403";"2019";"27"
"0403";"2019";"56"
"0403";"2019";"87"
"0403";"2019";"30"
"0403";"2019";"128"
"0403";"2019";"33"
"0403";"2019";"102"
"0403";"2019";"70"
"0403";"2019";"108"
"0403";"2019";"37"
"0403";"2019";"117"
"0403";"2019";"80"
"0403";"2019";"41"
"0403";"2019";"86"
"0403";"2019";"48"
"0403";"2019";"98"
"0403";"2019";"50"
"0403";"2019";"260"
"0403";"2019";"54"
"0403";"2019";"55"
"0403";"2019";"56"
"0403";"2019";"57"
"0403";"2019";"58"
"0403";"2019";"62"
"0403";"2019";"64"
"0403";"2019";"65"
"0403";"2019";"66"
"0403";"2019";"67"
"0403";"2019";"69"
"0403";"2019";"71"
"0403";"2019";"146"
"0403";"2019";"74"
"0403";"2019";"80"
"0403";"2019";"162"
"0403";"2019";"82"
"0403";"2019";"84"
"0403";"2019";"86"
"0403";"2019";"89"
"0403";"2019";"106"
"0403";"2019";"114"
"0403";"2019";"210"
"0403";"2019";"237"
"0403";"2019";"241"
"0403";"2019";"277"
"0427";"2019";"5"
"0427";"2019";"22"
"0427";"2019";"30"
"0427";"2019";"28"
"0427";"2019";"25"
"0427";"2019";"18"
"0427";"2019";"7"
"0427";"2019";"48"
"0427";"2019";"27"
"0427";"2019";"40"
"0427";"2019";"33"
"0427";"2019";"36"
"0427";"2019";"52"
"0427";"2019";"56"
"0427";"2019";"48"
"0427";"2019";"34"
"0427";"2019";"36"
"0427";"2019";"114"
"0427";"2019";"60"
"0427";"2019";"84"
"0427";"2019";"46"
"0427";"2019";"24"
"0427";"2019";"50"
"0427";"2019";"52"
"0427";"2019";"54"
"0427";"2019";"29"
"0427";"2019";"120"
"0427";"2019";"66"
"0427";"2019";"36"
"0427";"2019";"111"
"0427";"2019";"40"
"0427";"2019";"82"
"0427";"2019";"84"
"0427";"2019";"46"
"0427";"2019";"47"
"0427";"2019";"104"
"0427";"2019";"54"
"0427";"2019";"112"
"0427";"2019";"58"
"0427";"2019";"59"
"0427";"2019";"126"
"0427";"2019";"65"
"0427";"2019";"68"
"0427";"2019";"70"
"0427";"2019";"74"
"0427";"2019";"77"
"0427";"2019";"78"
"0427";"2019";"81"
"0427";"2019";"170"
"0427";"2019";"87"
"0427";"2019";"93"
"0427";"2019";"96"
"0427";"2019";"105"
"0427";"2019";"116"
"0427";"2019";"127"
"0427";"2019";"442"
"0427";"2019";"481"
"0429";"2019";"21"
"0429";"2019";"20"
"0429";"2019";"45"
"0429";"2019";"36"
"0429";"2019";"45"
"0429";"2019";"42"
"0429";"2019";"21"
"0429";"2019";"56"
"0429";"2019";"63"
"0429";"2019";"50"
"0429";"2019";"99"
"0429";"2019";"72"
"0429";"2019";"39"
"0429";"2019";"84"
"0429";"2019";"45"
"0429";"2019";"32"
"0429";"2019";"34"
"0429";"2019";"72"
"0429";"2019";"57"
"0429";"2019";"100"
"0429";"2019";"105"
"0429";"2019";"22"
"0429";"2019";"69"
"0429";"2019";"48"
"0429";"2019";"26"
"0429";"2019";"28"
"0429";"2019";"29"
"0429";"2019";"60"
"0429";"2019";"62"
"0429";"2019";"34"
"0429";"2019";"35"
"0429";"2019";"108"
"0429";"2019";"74"
"0429";"2019";"38"
"0429";"2019";"39"
"0429";"2019";"84"
"0429";"2019";"43"
"0429";"2019";"44"
"0429";"2019";"46"
"0429";"2019";"144"
"0429";"2019";"147"
"0429";"2019";"100"
"0429";"2019";"102"
"0429";"2019";"52"
"0429";"2019";"53"
"0429";"2019";"56"
"0429";"2019";"171"
"0429";"2019";"116"
"0429";"2019";"118"
"0429";"2019";"61"
"0429";"2019";"62"
"0429";"2019";"128"
"0429";"2019";"130"
"0429";"2019";"198"
"0429";"2019";"67"
"0429";"2019";"136"
"0429";"2019";"140"
"0429";"2019";"72"
"0429";"2019";"79"
"0429";"2019";"81"
"0429";"2019";"84"
"0429";"2019";"86"
"0429";"2019";"91"
"0429";"2019";"93"
"0429";"2019";"95"
"0429";"2019";"97"
"0429";"2019";"101"
"0429";"2019";"103"
"0429";"2019";"104"
"0429";"2019";"113"
"0429";"2019";"232"
"0429";"2019";"117"
"0429";"2019";"122"
"0429";"2019";"126"
"0429";"2019";"171"
"0429";"2019";"195"
"0429";"2019";"258"
"0430";"2019";"6"
"0430";"2019";"4"
"0430";"2019";"9"
"0430";"2019";"8"
"0430";"2019";"10"
"0430";"2019";"18"
"0430";"2019";"14"
"0430";"2019";"20"
"0430";"2019";"26"
"0430";"2019";"14"
"0430";"2019";"15"
"0430";"2019";"16"
"0430";"2019";"18"
"0430";"2019";"29"
"0430";"2019";"33"
"0430";"2019";"36"
"0430";"2019";"54"
"0430";"2019";"61"
"0501";"2019";"18"
"0501";"2019";"40"
"0501";"2019";"108"
"0501";"2019";"72"
"0501";"2019";"90"
"0501";"2019";"120"
"0501";"2019";"91"
"0501";"2019";"96"
"0501";"2019";"54"
"0501";"2019";"120"
"0501";"2019";"132"
"0501";"2019";"156"
"0501";"2019";"208"
"0501";"2019";"98"
"0501";"2019";"60"
"0501";"2019";"32"
"0501";"2019";"102"
"0501";"2019";"108"
"0501";"2019";"19"
"0501";"2019";"100"
"0501";"2019";"105"
"0501";"2019";"66"
"0501";"2019";"69"
"0501";"2019";"96"
"0501";"2019";"100"
"0501";"2019";"130"
"0501";"2019";"54"
"0501";"2019";"84"
"0501";"2019";"87"
"0501";"2019";"90"
"0501";"2019";"62"
"0501";"2019";"64"
"0501";"2019";"33"
"0501";"2019";"102"
"0501";"2019";"105"
"0501";"2019";"36"
"0501";"2019";"74"
"0501";"2019";"117"
"0501";"2019";"120"
"0501";"2019";"123"
"0501";"2019";"129"
"0501";"2019";"90"
"0501";"2019";"94"
"0501";"2019";"144"
"0501";"2019";"49"
"0501";"2019";"100"
"0501";"2019";"51"
"0501";"2019";"52"
"0501";"2019";"168"
"0501";"2019";"114"
"0501";"2019";"58"
"0501";"2019";"59"
"0501";"2019";"60"
"0501";"2019";"126"
"0501";"2019";"64"
"0501";"2019";"67"
"0501";"2019";"136"
"0501";"2019";"69"
"0501";"2019";"71"
"0501";"2019";"144"
"0501";"2019";"73"
"0501";"2019";"75"
"0501";"2019";"77"
"0501";"2019";"81"
"0501";"2019";"328"
"0501";"2019";"86"
"0501";"2019";"88"
"0501";"2019";"90"
"0501";"2019";"95"
"0501";"2019";"96"
"0501";"2019";"97"
"0501";"2019";"102"
"0501";"2019";"105"
"0501";"2019";"222"
"0501";"2019";"142"
"0501";"2019";"148"
"0501";"2019";"308"
"0501";"2019";"160"
"0501";"2019";"161"
"0501";"2019";"174"
"0501";"2019";"177"
"0501";"2019";"194"
"0501";"2019";"197"
"0501";"2019";"200"
"0501";"2019";"209"
"0501";"2019";"446"
"0501";"2019";"262"
"0501";"2019";"264"
"0501";"2019";"287"
"0502";"2019";"56"
"0502";"2019";"82"
"0502";"2019";"57"
"0502";"2019";"100"
"0502";"2019";"105"
"0502";"2019";"60"
"0502";"2019";"98"
"0502";"2019";"96"
"0502";"2019";"72"
"0502";"2019";"50"
"0502";"2019";"99"
"0502";"2019";"60"
"0502";"2019";"39"
"0502";"2019";"42"
"0502";"2019";"60"
"0502";"2019";"96"
"0502";"2019";"119"
"0502";"2019";"162"
"0502";"2019";"57"
"0502";"2019";"180"
"0502";"2019";"84"
"0502";"2019";"132"
"0502";"2019";"161"
"0502";"2019";"72"
"0502";"2019";"25"
"0502";"2019";"104"
"0502";"2019";"54"
"0502";"2019";"140"
"0502";"2019";"58"
"0502";"2019";"90"
"0502";"2019";"93"
"0502";"2019";"32"
"0502";"2019";"33"
"0502";"2019";"68"
"0502";"2019";"72"
"0502";"2019";"37"
"0502";"2019";"38"
"0502";"2019";"156"
"0502";"2019";"80"
"0502";"2019";"41"
"0502";"2019";"84"
"0502";"2019";"86"
"0502";"2019";"90"
"0502";"2019";"48"
"0502";"2019";"98"
"0502";"2019";"50"
"0502";"2019";"106"
"0502";"2019";"108"
"0502";"2019";"55"
"0502";"2019";"112"
"0502";"2019";"57"
"0502";"2019";"192"
"0502";"2019";"198"
"0502";"2019";"76"
"0502";"2019";"79"
"0502";"2019";"81"
"0502";"2019";"83"
"0502";"2019";"264"
"0502";"2019";"89"
"0502";"2019";"94"
"0502";"2019";"97"
"0502";"2019";"99"
"0502";"2019";"102"
"0502";"2019";"110"
"0502";"2019";"128"
"0502";"2019";"129"
"0502";"2019";"130"
"0502";"2019";"186"
"0502";"2019";"197"
"0502";"2019";"212"
"0502";"2019";"376"
"0502";"2019";"380"
"0602";"2019";"76"
"0602";"2019";"58"
"0602";"2019";"54"
"0602";"2019";"76"
"0602";"2019";"30"
"0602";"2019";"72"
"0602";"2019";"105"
"0602";"2019";"40"
"0602";"2019";"54"
"0602";"2019";"100"
"0602";"2019";"143"
"0602";"2019";"84"
"0602";"2019";"169"
"0602";"2019";"42"
"0602";"2019";"45"
"0602";"2019";"128"
"0602";"2019";"17"
"0602";"2019";"108"
"0602";"2019";"38"
"0602";"2019";"100"
"0602";"2019";"84"
"0602";"2019";"154"
"0602";"2019";"23"
"0602";"2019";"96"
"0602";"2019";"75"
"0602";"2019";"104"
"0602";"2019";"54"
"0602";"2019";"140"
"0602";"2019";"29"
"0602";"2019";"30"
"0602";"2019";"62"
"0602";"2019";"64"
"0602";"2019";"76"
"0602";"2019";"39"
"0602";"2019";"80"
"0602";"2019";"48"
"0602";"2019";"49"
"0602";"2019";"104"
"0602";"2019";"54"
"0602";"2019";"55"
"0602";"2019";"171"
"0602";"2019";"59"
"0602";"2019";"61"
"0602";"2019";"62"
"0602";"2019";"64"
"0602";"2019";"65"
"0602";"2019";"68"
"0602";"2019";"138"
"0602";"2019";"70"
"0602";"2019";"74"
"0602";"2019";"76"
"0602";"2019";"154"
"0602";"2019";"82"
"0602";"2019";"83"
"0602";"2019";"85"
"0602";"2019";"88"
"0602";"2019";"89"
"0602";"2019";"91"
"0602";"2019";"96"
"0602";"2019";"100"
"0602";"2019";"104"
"0602";"2019";"106"
"0602";"2019";"117"
"0602";"2019";"415"
"0602";"2019";"434"
"0604";"2019";"37"
"0604";"2019";"50"
"0604";"2019";"36"
"0604";"2019";"56"
"0604";"2019";"30"
"0604";"2019";"66"
"0604";"2019";"28"
"0604";"2019";"32"
"0604";"2019";"27"
"0604";"2019";"30"
"0604";"2019";"11"
"0604";"2019";"36"
"0604";"2019";"13"
"0604";"2019";"56"
"0604";"2019";"30"
"0604";"2019";"16"
"0604";"2019";"68"
"0604";"2019";"18"
"0604";"2019";"38"
"0604";"2019";"21"
"0604";"2019";"44"
"0604";"2019";"46"
"0604";"2019";"24"
"0604";"2019";"75"
"0604";"2019";"26"
"0604";"2019";"27"
"0604";"2019";"145"
"0604";"2019";"31"
"0604";"2019";"66"
"0604";"2019";"34"
"0604";"2019";"105"
"0604";"2019";"36"
"0604";"2019";"38"
"0604";"2019";"42"
"0604";"2019";"44"
"0604";"2019";"138"
"0604";"2019";"141"
"0604";"2019";"98"
"0604";"2019";"114"
"0604";"2019";"120"
"0604";"2019";"63"
"0604";"2019";"94"
"0604";"2019";"181"
"0604";"2019";"186"
"0605";"2019";"49"
"0605";"2019";"40"
"0605";"2019";"42"
"0605";"2019";"56"
"0605";"2019";"70"
"0605";"2019";"96"
"0605";"2019";"56"
"0605";"2019";"48"
"0605";"2019";"117"
"0605";"2019";"20"
"0605";"2019";"66"
"0605";"2019";"36"
"0605";"2019";"52"
"0605";"2019";"98"
"0605";"2019";"75"
"0605";"2019";"32"
"0605";"2019";"18"
"0605";"2019";"38"
"0605";"2019";"20"
"0605";"2019";"42"
"0605";"2019";"22"
"0605";"2019";"46"
"0605";"2019";"75"
"0605";"2019";"52"
"0605";"2019";"28"
"0605";"2019";"29"
"0605";"2019";"60"
"0605";"2019";"31"
"0605";"2019";"32"
"0605";"2019";"34"
"0605";"2019";"36"
"0605";"2019";"38"
"0605";"2019";"117"
"0605";"2019";"41"
"0605";"2019";"44"
"0605";"2019";"46"
"0605";"2019";"49"
"0605";"2019";"51"
"0605";"2019";"104"
"0605";"2019";"138"
"0605";"2019";"72"
"0605";"2019";"76"
"0605";"2019";"77"
"0605";"2019";"97"
"0605";"2019";"110"
"0701";"2019";"117"
"0701";"2019";"82"
"0701";"2019";"129"
"0701";"2019";"108"
"0701";"2019";"120"
"0701";"2019";"126"
"0701";"2019";"133"
"0701";"2019";"168"
"0701";"2019";"189"
"0701";"2019";"180"
"0701";"2019";"154"
"0701";"2019";"132"
"0701";"2019";"221"
"0701";"2019";"168"
"0701";"2019";"180"
"0701";"2019";"96"
"0701";"2019";"170"
"0701";"2019";"90"
"0701";"2019";"190"
"0701";"2019";"60"
"0701";"2019";"147"
"0701";"2019";"88"
"0701";"2019";"184"
"0701";"2019";"144"
"0701";"2019";"100"
"0701";"2019";"156"
"0701";"2019";"216"
"0701";"2019";"112"
"0701";"2019";"58"
"0701";"2019";"90"
"0701";"2019";"31"
"0701";"2019";"128"
"0701";"2019";"66"
"0701";"2019";"68"
"0701";"2019";"70"
"0701";"2019";"36"
"0701";"2019";"114"
"0701";"2019";"39"
"0701";"2019";"160"
"0701";"2019";"126"
"0701";"2019";"86"
"0701";"2019";"44"
"0701";"2019";"135"
"0701";"2019";"46"
"0701";"2019";"94"
"0701";"2019";"144"
"0701";"2019";"147"
"0701";"2019";"50"
"0701";"2019";"153"
"0701";"2019";"106"
"0701";"2019";"55"
"0701";"2019";"112"
"0701";"2019";"57"
"0701";"2019";"116"
"0701";"2019";"60"
"0701";"2019";"124"
"0701";"2019";"195"
"0701";"2019";"66"
"0701";"2019";"138"
"0701";"2019";"213"
"0701";"2019";"73"
"0701";"2019";"75"
"0701";"2019";"77"
"0701";"2019";"81"
"0701";"2019";"82"
"0701";"2019";"85"
"0701";"2019";"89"
"0701";"2019";"94"
"0701";"2019";"96"
"0701";"2019";"103"
"0701";"2019";"208"
"0701";"2019";"107"
"0701";"2019";"109"
"0701";"2019";"112"
"0701";"2019";"123"
"0701";"2019";"129"
"0701";"2019";"134"
"0701";"2019";"147"
"0701";"2019";"154"
"0701";"2019";"722"
"0709";"2019";"0"
"0709";"2019";"79"
"0709";"2019";"86"
"0709";"2019";"158"
"0709";"2019";"171"
"0709";"2019";"219"
"0709";"2019";"262"
"0805";"2019";"35"
"0805";"2019";"26"
"0805";"2019";"42"
"0805";"2019";"44"
"0805";"2019";"35"
"0805";"2019";"48"
"0805";"2019";"28"
"0805";"2019";"56"
"0805";"2019";"72"
"0805";"2019";"10"
"0805";"2019";"99"
"0805";"2019";"36"
"0805";"2019";"39"
"0805";"2019";"45"
"0805";"2019";"48"
"0805";"2019";"68"
"0805";"2019";"36"
"0805";"2019";"38"
"0805";"2019";"42"
"0805";"2019";"66"
"0805";"2019";"46"
"0805";"2019";"96"
"0805";"2019";"125"
"0805";"2019";"81"
"0805";"2019";"112"
"0805";"2019";"116"
"0805";"2019";"180"
"0805";"2019";"31"
"0805";"2019";"32"
"0805";"2019";"33"
"0805";"2019";"35"
"0805";"2019";"72"
"0805";"2019";"74"
"0805";"2019";"114"
"0805";"2019";"78"
"0805";"2019";"123"
"0805";"2019";"126"
"0805";"2019";"135"
"0805";"2019";"96"
"0805";"2019";"50"
"0805";"2019";"106"
"0805";"2019";"59"
"0805";"2019";"126"
"0805";"2019";"65"
"0805";"2019";"71"
"0805";"2019";"72"
"0805";"2019";"77"
"0805";"2019";"84"
"0805";"2019";"87"
"0805";"2019";"119"
"0805";"2019";"123"
"0805";"2019";"138"
"0805";"2019";"141"
"0805";"2019";"145"
"0805";"2019";"160"
"0805";"2019";"172"
"0805";"2019";"178"
"0805";"2019";"194"
"0805";"2019";"229"
"0805";"2019";"236"
"0805";"2019";"265"
"0807";"2019";"79"
"0807";"2019";"106"
"0807";"2019";"105"
"0807";"2019";"100"
"0807";"2019";"75"
"0807";"2019";"84"
"0807";"2019";"84"
"0807";"2019";"96"
"0807";"2019";"99"
"0807";"2019";"90"
"0807";"2019";"66"
"0807";"2019";"84"
"0807";"2019";"65"
"0807";"2019";"126"
"0807";"2019";"60"
"0807";"2019";"16"
"0807";"2019";"68"
"0807";"2019";"36"
"0807";"2019";"57"
"0807";"2019";"80"
"0807";"2019";"21"
"0807";"2019";"44"
"0807";"2019";"92"
"0807";"2019";"96"
"0807";"2019";"25"
"0807";"2019";"78"
"0807";"2019";"84"
"0807";"2019";"58"
"0807";"2019";"60"
"0807";"2019";"31"
"0807";"2019";"34"
"0807";"2019";"74"
"0807";"2019";"76"
"0807";"2019";"39"
"0807";"2019";"40"
"0807";"2019";"41"
"0807";"2019";"46"
"0807";"2019";"48"
"0807";"2019";"108"
"0807";"2019";"55"
"0807";"2019";"112"
"0807";"2019";"58"
"0807";"2019";"60"
"0807";"2019";"72"
"0807";"2019";"77"
"0807";"2019";"88"
"0807";"2019";"90"
"0807";"2019";"92"
"0821";"2019";"29"
"0821";"2019";"60"
"0821";"2019";"48"
"0821";"2019";"84"
"0821";"2019";"50"
"0821";"2019";"72"
"0821";"2019";"70"
"0821";"2019";"88"
"0821";"2019";"117"
"0821";"2019";"60"
"0821";"2019";"88"
"0821";"2019";"108"
"0821";"2019";"104"
"0821";"2019";"126"
"0821";"2019";"45"
"0821";"2019";"16"
"0821";"2019";"51"
"0821";"2019";"90"
"0821";"2019";"19"
"0821";"2019";"20"
"0821";"2019";"105"
"0821";"2019";"88"
"0821";"2019";"69"
"0821";"2019";"72"
"0821";"2019";"75"
"0821";"2019";"156"
"0821";"2019";"162"
"0821";"2019";"112"
"0821";"2019";"58"
"0821";"2019";"60"
"0821";"2019";"32"
"0821";"2019";"136"
"0821";"2019";"35"
"0821";"2019";"74"
"0821";"2019";"76"
"0821";"2019";"117"
"0821";"2019";"40"
"0821";"2019";"129"
"0821";"2019";"88"
"0821";"2019";"90"
"0821";"2019";"46"
"0821";"2019";"49"
"0821";"2019";"50"
"0821";"2019";"51"
"0821";"2019";"53"
"0821";"2019";"110"
"0821";"2019";"168"
"0821";"2019";"57"
"0821";"2019";"118"
"0821";"2019";"60"
"0821";"2019";"62"
"0821";"2019";"126"
"0821";"2019";"65"
"0821";"2019";"134"
"0821";"2019";"68"
"0821";"2019";"213"
"0821";"2019";"72"
"0821";"2019";"76"
"0821";"2019";"77"
"0821";"2019";"82"
"0821";"2019";"87"
"0821";"2019";"90"
"0834";"2019";"7"
"0834";"2019";"8"
"0834";"2019";"9"
"0834";"2019";"12"
"0834";"2019";"5"
"0834";"2019";"12"
"0834";"2019";"28"
"0834";"2019";"32"
"0834";"2019";"9"
"0834";"2019";"10"
"0834";"2019";"11"
"0834";"2019";"12"
"0834";"2019";"14"
"0834";"2019";"16"
"0834";"2019";"17"
"0834";"2019";"20"
"0904";"2019";"26"
"0904";"2019";"26"
"0904";"2019";"30"
"0904";"2019";"36"
"0904";"2019";"42"
"0904";"2019";"49"
"0904";"2019";"40"
"0904";"2019";"72"
"0904";"2019";"80"
"0904";"2019";"44"
"0904";"2019";"24"
"0904";"2019";"52"
"0904";"2019";"14"
"0904";"2019";"45"
"0904";"2019";"32"
"0904";"2019";"68"
"0904";"2019";"54"
"0904";"2019";"38"
"0904";"2019";"100"
"0904";"2019";"63"
"0904";"2019";"46"
"0904";"2019";"24"
"0904";"2019";"52"
"0904";"2019";"81"
"0904";"2019";"112"
"0904";"2019";"29"
"0904";"2019";"62"
"0904";"2019";"64"
"0904";"2019";"99"
"0904";"2019";"136"
"0904";"2019";"72"
"0904";"2019";"74"
"0904";"2019";"38"
"0904";"2019";"78"
"0904";"2019";"40"
"0904";"2019";"84"
"0904";"2019";"86"
"0904";"2019";"88"
"0904";"2019";"45"
"0904";"2019";"94"
"0904";"2019";"49"
"0904";"2019";"50"
"0904";"2019";"106"
"0904";"2019";"55"
"0904";"2019";"112"
"0904";"2019";"57"
"0904";"2019";"58"
"0904";"2019";"60"
"0904";"2019";"186"
"0904";"2019";"63"
"0904";"2019";"64"
"0904";"2019";"70"
"0904";"2019";"156"
"0904";"2019";"85"
"0904";"2019";"89"
"0904";"2019";"91"
"0904";"2019";"93"
"0904";"2019";"102"
"0904";"2019";"103"
"0904";"2019";"105"
"0904";"2019";"106"
"0904";"2019";"115"
"0904";"2019";"244"
"0904";"2019";"135"
"0904";"2019";"145"
"0904";"2019";"169"
"0904";"2019";"217"
"0904";"2019";"219"
"0904";"2019";"269"
"0904";"2019";"321"
"0904";"2019";"329"
"1001";"2019";"64"
"1001";"2019";"88"
"1001";"2019";"120"
"1001";"2019";"148"
"1001";"2019";"105"
"1001";"2019";"246"
"1001";"2019";"175"
"1001";"2019";"152"
"1001";"2019";"126"
"1001";"2019";"220"
"1001";"2019";"231"
"1001";"2019";"360"
"1001";"2019";"117"
"1001";"2019";"196"
"1001";"2019";"240"
"1001";"2019";"240"
"1001";"2019";"221"
"1001";"2019";"198"
"1001";"2019";"304"
"1001";"2019";"200"
"1001";"2019";"294"
"1001";"2019";"242"
"1001";"2019";"115"
"1001";"2019";"288"
"1001";"2019";"100"
"1001";"2019";"78"
"1001";"2019";"189"
"1001";"2019";"224"
"1001";"2019";"145"
"1001";"2019";"180"
"1001";"2019";"403"
"1001";"2019";"192"
"1001";"2019";"198"
"1001";"2019";"170"
"1001";"2019";"140"
"1001";"2019";"144"
"1001";"2019";"111"
"1001";"2019";"228"
"1001";"2019";"390"
"1001";"2019";"120"
"1001";"2019";"164"
"1001";"2019";"126"
"1001";"2019";"129"
"1001";"2019";"176"
"1001";"2019";"135"
"1001";"2019";"184"
"1001";"2019";"188"
"1001";"2019";"144"
"1001";"2019";"147"
"1001";"2019";"50"
"1001";"2019";"153"
"1001";"2019";"212"
"1001";"2019";"216"
"1001";"2019";"55"
"1001";"2019";"56"
"1001";"2019";"171"
"1001";"2019";"58"
"1001";"2019";"118"
"1001";"2019";"60"
"1001";"2019";"122"
"1001";"2019";"62"
"1001";"2019";"192"
"1001";"2019";"65"
"1001";"2019";"134"
"1001";"2019";"136"
"1001";"2019";"138"
"1001";"2019";"142"
"1001";"2019";"144"
"1001";"2019";"73"
"1001";"2019";"75"
"1001";"2019";"152"
"1001";"2019";"77"
"1001";"2019";"79"
"1001";"2019";"160"
"1001";"2019";"81"
"1001";"2019";"166"
"1001";"2019";"84"
"1001";"2019";"85"
"1001";"2019";"86"
"1001";"2019";"90"
"1001";"2019";"91"
"1001";"2019";"94"
"1001";"2019";"96"
"1001";"2019";"99"
"1001";"2019";"102"
"1001";"2019";"103"
"1001";"2019";"109"
"1001";"2019";"118"
"1001";"2019";"120"
"1001";"2019";"123"
"1001";"2019";"129"
"1001";"2019";"132"
"1001";"2019";"133"
"1001";"2019";"136"
"1001";"2019";"137"
"1001";"2019";"139"
"1001";"2019";"141"
"1001";"2019";"146"
"1001";"2019";"152"
"1001";"2019";"166"
"1001";"2019";"340"
"1001";"2019";"181"
"1001";"2019";"183"
"1001";"2019";"192"
"1001";"2019";"194"
"1001";"2019";"195"
"1001";"2019";"196"
"1001";"2019";"214"
"1001";"2019";"436"
"1001";"2019";"229"
"1001";"2019";"234"
"1001";"2019";"236"
"1001";"2019";"267"
"1001";"2019";"277"
"1001";"2019";"292"
"1001";"2019";"298"
"1001";"2019";"337"
"1001";"2019";"350"
"1001";"2019";"364"
"1102";"2019";"4"
"1102";"2019";"0"
"1102";"2019";"6"
"1102";"2019";"8"
"1102";"2019";"21"
"1102";"2019";"45"
"1102";"2019";"16"
"1102";"2019";"40"
"1102";"2019";"22"
"1102";"2019";"23"
"1102";"2019";"26"
"1102";"2019";"56"
"1102";"2019";"60"
"1102";"2019";"35"
"1102";"2019";"37"
"1102";"2019";"38"
"1102";"2019";"40"
"1102";"2019";"45"
"1102";"2019";"59"
"1102";"2019";"111"
"1102";"2019";"121"
"1102";"2019";"139"
"1102";"2019";"158"
"1102";"2019";"209"
"1102";"2019";"213"
"1103";"2019";"154"
"1103";"2019";"146"
"1103";"2019";"186"
"1103";"2019";"184"
"1103";"2019";"160"
"1103";"2019";"204"
"1103";"2019";"203"
"1103";"2019";"168"
"1103";"2019";"180"
"1103";"2019";"270"
"1103";"2019";"198"
"1103";"2019";"240"
"1103";"2019";"182"
"1103";"2019";"196"
"1103";"2019";"180"
"1103";"2019";"336"
"1103";"2019";"255"
"1103";"2019";"288"
"1103";"2019";"266"
"1103";"2019";"300"
"1103";"2019";"252"
"1103";"2019";"286"
"1103";"2019";"299"
"1103";"2019";"264"
"1103";"2019";"200"
"1103";"2019";"416"
"1103";"2019";"432"
"1103";"2019";"196"
"1103";"2019";"319"
"1103";"2019";"420"
"1103";"2019";"217"
"1103";"2019";"384"
"1103";"2019";"132"
"1103";"2019";"272"
"1103";"2019";"315"
"1103";"2019";"432"
"1103";"2019";"222"
"1103";"2019";"304"
"1103";"2019";"195"
"1103";"2019";"280"
"1103";"2019";"246"
"1103";"2019";"210"
"1103";"2019";"215"
"1103";"2019";"176"
"1103";"2019";"225"
"1103";"2019";"184"
"1103";"2019";"94"
"1103";"2019";"144"
"1103";"2019";"196"
"1103";"2019";"150"
"1103";"2019";"153"
"1103";"2019";"104"
"1103";"2019";"106"
"1103";"2019";"216"
"1103";"2019";"280"
"1103";"2019";"228"
"1103";"2019";"116"
"1103";"2019";"177"
"1103";"2019";"180"
"1103";"2019";"122"
"1103";"2019";"248"
"1103";"2019";"189"
"1103";"2019";"64"
"1103";"2019";"130"
"1103";"2019";"198"
"1103";"2019";"134"
"1103";"2019";"136"
"1103";"2019";"207"
"1103";"2019";"210"
"1103";"2019";"71"
"1103";"2019";"72"
"1103";"2019";"73"
"1103";"2019";"300"
"1103";"2019";"154"
"1103";"2019";"156"
"1103";"2019";"158"
"1103";"2019";"80"
"1103";"2019";"81"
"1103";"2019";"82"
"1103";"2019";"83"
"1103";"2019";"168"
"1103";"2019";"170"
"1103";"2019";"172"
"1103";"2019";"87"
"1103";"2019";"89"
"1103";"2019";"368"
"1103";"2019";"96"
"1103";"2019";"196"
"1103";"2019";"101"
"1103";"2019";"204"
"1103";"2019";"103"
"1103";"2019";"107"
"1103";"2019";"218"
"1103";"2019";"111"
"1103";"2019";"114"
"1103";"2019";"115"
"1103";"2019";"119"
"1103";"2019";"121"
"1103";"2019";"124"
"1103";"2019";"127"
"1103";"2019";"129"
"1103";"2019";"141"
"1103";"2019";"160"
"1103";"2019";"166"
"1103";"2019";"176"
"1103";"2019";"183"
"1103";"2019";"186"
"1103";"2019";"204"
"1103";"2019";"211"
"1103";"2019";"214"
"1103";"2019";"219"
"1103";"2019";"222"
"1103";"2019";"256"
"1103";"2019";"272"
"1103";"2019";"281"
"1103";"2019";"284"
"1103";"2019";"288"
"1103";"2019";"305"
"1103";"2019";"616"
"1103";"2019";"687"
"1103";"2019";"756"
"1106";"2019";"35"
"1106";"2019";"32"
"1106";"2019";"36"
"1106";"2019";"44"
"1106";"2019";"65"
"1106";"2019";"30"
"1106";"2019";"35"
"1106";"2019";"72"
"1106";"2019";"54"
"1106";"2019";"40"
"1106";"2019";"55"
"1106";"2019";"36"
"1106";"2019";"91"
"1106";"2019";"42"
"1106";"2019";"60"
"1106";"2019";"176"
"1106";"2019";"51"
"1106";"2019";"126"
"1106";"2019";"57"
"1106";"2019";"20"
"1106";"2019";"110"
"1106";"2019";"69"
"1106";"2019";"72"
"1106";"2019";"50"
"1106";"2019";"27"
"1106";"2019";"56"
"1106";"2019";"31"
"1106";"2019";"64"
"1106";"2019";"68"
"1106";"2019";"38"
"1106";"2019";"39"
"1106";"2019";"40"
"1106";"2019";"45"
"1106";"2019";"47"
"1106";"2019";"49"
"1106";"2019";"57"
"1106";"2019";"60"
"1106";"2019";"65"
"1106";"2019";"68"
"1106";"2019";"74"
"1106";"2019";"80"
"1106";"2019";"81"
"1106";"2019";"174"
"1106";"2019";"97"
"1106";"2019";"194"
"1106";"2019";"298"
"1120";"2019";"0"
"1120";"2019";"4"
"1120";"2019";"7"
"1120";"2019";"8"
"1120";"2019";"17"
"1120";"2019";"36"
"1201";"2019";"411"
"1201";"2019";"496"
"1201";"2019";"519"
"1201";"2019";"644"
"1201";"2019";"530"
"1201";"2019";"630"
"1201";"2019";"602"
"1201";"2019";"824"
"1201";"2019";"675"
"1201";"2019";"650"
"1201";"2019";"814"
"1201";"2019";"756"
"1201";"2019";"637"
"1201";"2019";"700"
"1201";"2019";"720"
"1201";"2019";"480"
"1201";"2019";"663"
"1201";"2019";"630"
"1201";"2019";"627"
"1201";"2019";"700"
"1201";"2019";"756"
"1201";"2019";"726"
"1201";"2019";"736"
"1201";"2019";"792"
"1201";"2019";"625"
"1201";"2019";"702"
"1201";"2019";"162"
"1201";"2019";"672"
"1201";"2019";"522"
"1201";"2019";"570"
"1201";"2019";"558"
"1201";"2019";"448"
"1201";"2019";"561"
"1201";"2019";"476"
"1201";"2019";"350"
"1201";"2019";"216"
"1201";"2019";"592"
"1201";"2019";"380"
"1201";"2019";"429"
"1201";"2019";"560"
"1201";"2019";"328"
"1201";"2019";"546"
"1201";"2019";"430"
"1201";"2019";"616"
"1201";"2019";"405"
"1201";"2019";"322"
"1201";"2019";"282"
"1201";"2019";"528"
"1201";"2019";"490"
"1201";"2019";"350"
"1201";"2019";"306"
"1201";"2019";"208"
"1201";"2019";"424"
"1201";"2019";"270"
"1201";"2019";"330"
"1201";"2019";"336"
"1201";"2019";"456"
"1201";"2019";"696"
"1201";"2019";"236"
"1201";"2019";"180"
"1201";"2019";"305"
"1201";"2019";"496"
"1201";"2019";"252"
"1201";"2019";"576"
"1201";"2019";"455"
"1201";"2019";"330"
"1201";"2019";"469"
"1201";"2019";"340"
"1201";"2019";"207"
"1201";"2019";"420"
"1201";"2019";"355"
"1201";"2019";"144"
"1201";"2019";"219"
"1201";"2019";"370"
"1201";"2019";"450"
"1201";"2019";"152"
"1201";"2019";"308"
"1201";"2019";"546"
"1201";"2019";"316"
"1201";"2019";"80"
"1201";"2019";"243"
"1201";"2019";"656"
"1201";"2019";"249"
"1201";"2019";"252"
"1201";"2019";"425"
"1201";"2019";"258"
"1201";"2019";"261"
"1201";"2019";"528"
"1201";"2019";"267"
"1201";"2019";"270"
"1201";"2019";"455"
"1201";"2019";"368"
"1201";"2019";"93"
"1201";"2019";"376"
"1201";"2019";"95"
"1201";"2019";"384"
"1201";"2019";"97"
"1201";"2019";"198"
"1201";"2019";"200"
"1201";"2019";"204"
"1201";"2019";"210"
"1201";"2019";"106"
"1201";"2019";"108"
"1201";"2019";"218"
"1201";"2019";"110"
"1201";"2019";"111"
"1201";"2019";"113"
"1201";"2019";"114"
"1201";"2019";"575"
"1201";"2019";"468"
"1201";"2019";"238"
"1201";"2019";"121"
"1201";"2019";"122"
"1201";"2019";"123"
"1201";"2019";"125"
"1201";"2019";"254"
"1201";"2019";"129"
"1201";"2019";"131"
"1201";"2019";"132"
"1201";"2019";"399"
"1201";"2019";"134"
"1201";"2019";"137"
"1201";"2019";"280"
"1201";"2019";"141"
"1201";"2019";"142"
"1201";"2019";"286"
"1201";"2019";"144"
"1201";"2019";"147"
"1201";"2019";"148"
"1201";"2019";"150"
"1201";"2019";"306"
"1201";"2019";"314"
"1201";"2019";"318"
"1201";"2019";"160"
"1201";"2019";"161"
"1201";"2019";"328"
"1201";"2019";"332"
"1201";"2019";"168"
"1201";"2019";"340"
"1201";"2019";"172"
"1201";"2019";"174"
"1201";"2019";"175"
"1201";"2019";"177"
"1201";"2019";"182"
"1201";"2019";"185"
"1201";"2019";"188"
"1201";"2019";"190"
"1201";"2019";"192"
"1201";"2019";"194"
"1201";"2019";"390"
"1201";"2019";"197"
"1201";"2019";"400"
"1201";"2019";"201"
"1201";"2019";"406"
"1201";"2019";"207"
"1201";"2019";"420"
"1201";"2019";"217"
"1201";"2019";"219"
"1201";"2019";"223"
"1201";"2019";"228"
"1201";"2019";"232"
"1201";"2019";"235"
"1201";"2019";"242"
"1201";"2019";"243"
"1201";"2019";"247"
"1201";"2019";"256"
"1201";"2019";"271"
"1201";"2019";"283"
"1201";"2019";"287"
"1201";"2019";"291"
"1201";"2019";"295"
"1201";"2019";"301"
"1201";"2019";"311"
"1201";"2019";"316"
"1201";"2019";"323"
"1201";"2019";"347"
"1201";"2019";"373"
"1201";"2019";"375"
"1201";"2019";"440"
"1201";"2019";"456"
"1201";"2019";"460"
"1201";"2019";"461"
"1201";"2019";"474"
"1201";"2019";"543"
"1201";"2019";"589"
"1201";"2019";"621"
"1201";"2019";"654"
"1201";"2019";"662"
"1201";"2019";"696"
"1201";"2019";"736"
"1201";"2019";"813"
"1201";"2019";"1199"
"1201";"2019";"1361"
"1221";"2019";"44"
"1221";"2019";"52"
"1221";"2019";"87"
"1221";"2019";"108"
"1221";"2019";"85"
"1221";"2019";"60"
"1221";"2019";"119"
"1221";"2019";"88"
"1221";"2019";"90"
"1221";"2019";"90"
"1221";"2019";"44"
"1221";"2019";"60"
"1221";"2019";"26"
"1221";"2019";"70"
"1221";"2019";"60"
"1221";"2019";"48"
"1221";"2019";"34"
"1221";"2019";"72"
"1221";"2019";"76"
"1221";"2019";"63"
"1221";"2019";"44"
"1221";"2019";"24"
"1221";"2019";"100"
"1221";"2019";"52"
"1221";"2019";"27"
"1221";"2019";"28"
"1221";"2019";"60"
"1221";"2019";"31"
"1221";"2019";"33"
"1221";"2019";"35"
"1221";"2019";"74"
"1221";"2019";"76"
"1221";"2019";"40"
"1221";"2019";"44"
"1221";"2019";"92"
"1221";"2019";"47"
"1221";"2019";"49"
"1221";"2019";"106"
"1221";"2019";"110"
"1221";"2019";"56"
"1221";"2019";"58"
"1221";"2019";"68"
"1221";"2019";"124"
"1221";"2019";"223"
"1401";"2019";"0"
"1401";"2019";"10"
"1420";"2019";"37"
"1420";"2019";"18"
"1420";"2019";"51"
"1420";"2019";"40"
"1420";"2019";"35"
"1420";"2019";"66"
"1420";"2019";"70"
"1420";"2019";"40"
"1420";"2019";"72"
"1420";"2019";"40"
"1420";"2019";"55"
"1420";"2019";"132"
"1420";"2019";"91"
"1420";"2019";"112"
"1420";"2019";"75"
"1420";"2019";"96"
"1420";"2019";"68"
"1420";"2019";"144"
"1420";"2019";"76"
"1420";"2019";"80"
"1420";"2019";"84"
"1420";"2019";"66"
"1420";"2019";"69"
"1420";"2019";"96"
"1420";"2019";"75"
"1420";"2019";"104"
"1420";"2019";"81"
"1420";"2019";"84"
"1420";"2019";"116"
"1420";"2019";"120"
"1420";"2019";"93"
"1420";"2019";"32"
"1420";"2019";"99"
"1420";"2019";"34"
"1420";"2019";"70"
"1420";"2019";"72"
"1420";"2019";"37"
"1420";"2019";"76"
"1420";"2019";"78"
"1420";"2019";"82"
"1420";"2019";"42"
"1420";"2019";"86"
"1420";"2019";"88"
"1420";"2019";"225"
"1420";"2019";"46"
"1420";"2019";"144"
"1420";"2019";"52"
"1420";"2019";"54"
"1420";"2019";"55"
"1420";"2019";"56"
"1420";"2019";"116"
"1420";"2019";"118"
"1420";"2019";"60"
"1420";"2019";"122"
"1420";"2019";"62"
"1420";"2019";"66"
"1420";"2019";"67"
"1420";"2019";"68"
"1420";"2019";"73"
"1420";"2019";"74"
"1420";"2019";"76"
"1420";"2019";"83"
"1420";"2019";"85"
"1420";"2019";"88"
"1420";"2019";"89"
"1420";"2019";"96"
"1420";"2019";"97"
"1420";"2019";"98"
"1420";"2019";"99"
"1420";"2019";"106"
"1420";"2019";"107"
"1420";"2019";"246"
"1420";"2019";"319"
"1432";"2019";"25"
"1432";"2019";"22"
"1432";"2019";"21"
"1432";"2019";"36"
"1432";"2019";"45"
"1432";"2019";"36"
"1432";"2019";"35"
"1432";"2019";"40"
"1432";"2019";"27"
"1432";"2019";"20"
"1432";"2019";"11"
"1432";"2019";"39"
"1432";"2019";"28"
"1432";"2019";"30"
"1432";"2019";"102"
"1432";"2019";"40"
"1432";"2019";"22"
"1432";"2019";"69"
"1432";"2019";"24"
"1432";"2019";"52"
"1432";"2019";"27"
"1432";"2019";"29"
"1432";"2019";"30"
"1432";"2019";"31"
"1432";"2019";"36"
"1432";"2019";"44"
"1432";"2019";"47"
"1432";"2019";"50"
"1432";"2019";"59"
"1432";"2019";"60"
"1432";"2019";"346"
"1432";"2019";"369"
"1502";"2019";"12"
"1502";"2019";"12"
"1502";"2019";"18"
"1502";"2019";"20"
"1502";"2019";"25"
"1502";"2019";"42"
"1502";"2019";"35"
"1502";"2019";"72"
"1502";"2019";"50"
"1502";"2019";"88"
"1502";"2019";"72"
"1502";"2019";"13"
"1502";"2019";"70"
"1502";"2019";"15"
"1502";"2019";"80"
"1502";"2019";"34"
"1502";"2019";"36"
"1502";"2019";"57"
"1502";"2019";"40"
"1502";"2019";"42"
"1502";"2019";"22"
"1502";"2019";"23"
"1502";"2019";"25"
"1502";"2019";"26"
"1502";"2019";"81"
"1502";"2019";"28"
"1502";"2019";"30"
"1502";"2019";"31"
"1502";"2019";"34"
"1502";"2019";"111"
"1502";"2019";"38"
"1502";"2019";"78"
"1502";"2019";"80"
"1502";"2019";"42"
"1502";"2019";"43"
"1502";"2019";"45"
"1502";"2019";"96"
"1502";"2019";"98"
"1502";"2019";"50"
"1502";"2019";"51"
"1502";"2019";"104"
"1502";"2019";"54"
"1502";"2019";"55"
"1502";"2019";"59"
"1502";"2019";"60"
"1502";"2019";"64"
"1502";"2019";"130"
"1502";"2019";"69"
"1502";"2019";"71"
"1502";"2019";"76"
"1502";"2019";"79"
"1502";"2019";"81"
"1502";"2019";"82"
"1502";"2019";"87"
"1502";"2019";"89"
"1502";"2019";"95"
"1502";"2019";"98"
"1502";"2019";"106"
"1502";"2019";"109"
"1502";"2019";"115"
"1502";"2019";"208"
"1502";"2019";"232"
"1504";"2019";"29"
"1504";"2019";"44"
"1504";"2019";"36"
"1504";"2019";"56"
"1504";"2019";"45"
"1504";"2019";"72"
"1504";"2019";"56"
"1504";"2019";"16"
"1504";"2019";"27"
"1504";"2019";"80"
"1504";"2019";"44"
"1504";"2019";"48"
"1504";"2019";"78"
"1504";"2019";"56"
"1504";"2019";"75"
"1504";"2019";"48"
"1504";"2019";"102"
"1504";"2019";"90"
"1504";"2019";"38"
"1504";"2019";"40"
"1504";"2019";"42"
"1504";"2019";"22"
"1504";"2019";"23"
"1504";"2019";"48"
"1504";"2019";"25"
"1504";"2019";"27"
"1504";"2019";"28"
"1504";"2019";"29"
"1504";"2019";"30"
"1504";"2019";"62"
"1504";"2019";"32"
"1504";"2019";"99"
"1504";"2019";"35"
"1504";"2019";"36"
"1504";"2019";"38"
"1504";"2019";"39"
"1504";"2019";"40"
"1504";"2019";"126"
"1504";"2019";"43"
"1504";"2019";"44"
"1504";"2019";"45"
"1504";"2019";"46"
"1504";"2019";"96"
"1504";"2019";"150"
"1504";"2019";"51"
"1504";"2019";"52"
"1504";"2019";"53"
"1504";"2019";"54"
"1504";"2019";"56"
"1504";"2019";"59"
"1504";"2019";"180"
"1504";"2019";"126"
"1504";"2019";"67"
"1504";"2019";"140"
"1504";"2019";"81"
"1504";"2019";"84"
"1504";"2019";"88"
"1504";"2019";"91"
"1504";"2019";"186"
"1504";"2019";"97"
"1504";"2019";"98"
"1504";"2019";"116"
"1504";"2019";"123"
"1504";"2019";"329"
"1504";"2019";"340"
"1505";"2019";"5"
"1505";"2019";"0"
"1505";"2019";"3"
"1505";"2019";"4"
"1505";"2019";"10"
"1505";"2019";"11"
"1505";"2019";"14"
"1505";"2019";"30"
"1505";"2019";"17"
"1505";"2019";"21"
"1505";"2019";"23"
"1505";"2019";"25"
"1505";"2019";"30"
"1505";"2019";"64"
"1505";"2019";"68"
"1505";"2019";"36"
"1505";"2019";"41"
"1505";"2019";"129"
"1505";"2019";"92"
"1519";"2019";"77"
"1519";"2019";"88"
"1519";"2019";"93"
"1519";"2019";"116"
"1519";"2019";"150"
"1519";"2019";"102"
"1519";"2019";"119"
"1519";"2019";"192"
"1519";"2019";"198"
"1519";"2019";"130"
"1519";"2019";"132"
"1519";"2019";"108"
"1519";"2019";"130"
"1519";"2019";"154"
"1519";"2019";"135"
"1519";"2019";"144"
"1519";"2019";"102"
"1519";"2019";"144"
"1519";"2019";"152"
"1519";"2019";"120"
"1519";"2019";"105"
"1519";"2019";"176"
"1519";"2019";"184"
"1519";"2019";"144"
"1519";"2019";"150"
"1519";"2019";"52"
"1519";"2019";"108"
"1519";"2019";"56"
"1519";"2019";"174"
"1519";"2019";"120"
"1519";"2019";"279"
"1519";"2019";"96"
"1519";"2019";"66"
"1519";"2019";"136"
"1519";"2019";"175"
"1519";"2019";"72"
"1519";"2019";"74"
"1519";"2019";"76"
"1519";"2019";"312"
"1519";"2019";"41"
"1519";"2019";"42"
"1519";"2019";"43"
"1519";"2019";"44"
"1519";"2019";"45"
"1519";"2019";"46"
"1519";"2019";"47"
"1519";"2019";"49"
"1519";"2019";"100"
"1519";"2019";"52"
"1519";"2019";"53"
"1519";"2019";"108"
"1519";"2019";"56"
"1519";"2019";"114"
"1519";"2019";"59"
"1519";"2019";"60"
"1519";"2019";"122"
"1519";"2019";"63"
"1519";"2019";"66"
"1519";"2019";"142"
"1519";"2019";"144"
"1519";"2019";"88"
"1519";"2019";"90"
"1519";"2019";"94"
"1519";"2019";"100"
"1519";"2019";"102"
"1519";"2019";"109"
"1519";"2019";"124"
"1519";"2019";"132"
"1519";"2019";"136"
"1519";"2019";"140"
"1519";"2019";"149"
"1519";"2019";"151"
"1519";"2019";"155"
"1601";"2019";"270"
"1601";"2019";"228"
"1601";"2019";"321"
"1601";"2019";"308"
"1601";"2019";"320"
"1601";"2019";"252"
"1601";"2019";"350"
"1601";"2019";"456"
"1601";"2019";"297"
"1601";"2019";"250"
"1601";"2019";"352"
"1601";"2019";"432"
"1601";"2019";"403"
"1601";"2019";"266"
"1601";"2019";"390"
"1601";"2019";"400"
"1601";"2019";"340"
"1601";"2019";"612"
"1601";"2019";"266"
"1601";"2019";"220"
"1601";"2019";"252"
"1601";"2019";"418"
"1601";"2019";"230"
"1601";"2019";"408"
"1601";"2019";"250"
"1601";"2019";"390"
"1601";"2019";"540"
"1601";"2019";"140"
"1601";"2019";"348"
"1601";"2019";"330"
"1601";"2019";"465"
"1601";"2019";"288"
"1601";"2019";"231"
"1601";"2019";"204"
"1601";"2019";"385"
"1601";"2019";"396"
"1601";"2019";"148"
"1601";"2019";"190"
"1601";"2019";"273"
"1601";"2019";"280"
"1601";"2019";"123"
"1601";"2019";"252"
"1601";"2019";"258"
"1601";"2019";"132"
"1601";"2019";"225"
"1601";"2019";"276"
"1601";"2019";"329"
"1601";"2019";"240"
"1601";"2019";"294"
"1601";"2019";"300"
"1601";"2019";"156"
"1601";"2019";"371"
"1601";"2019";"54"
"1601";"2019";"440"
"1601";"2019";"280"
"1601";"2019";"114"
"1601";"2019";"116"
"1601";"2019";"295"
"1601";"2019";"120"
"1601";"2019";"244"
"1601";"2019";"248"
"1601";"2019";"126"
"1601";"2019";"384"
"1601";"2019";"130"
"1601";"2019";"268"
"1601";"2019";"136"
"1601";"2019";"552"
"1601";"2019";"210"
"1601";"2019";"284"
"1601";"2019";"73"
"1601";"2019";"75"
"1601";"2019";"152"
"1601";"2019";"154"
"1601";"2019";"78"
"1601";"2019";"160"
"1601";"2019";"243"
"1601";"2019";"246"
"1601";"2019";"83"
"1601";"2019";"336"
"1601";"2019";"85"
"1601";"2019";"86"
"1601";"2019";"87"
"1601";"2019";"90"
"1601";"2019";"92"
"1601";"2019";"186"
"1601";"2019";"98"
"1601";"2019";"100"
"1601";"2019";"202"
"1601";"2019";"102"
"1601";"2019";"412"
"1601";"2019";"312"
"1601";"2019";"106"
"1601";"2019";"214"
"1601";"2019";"109"
"1601";"2019";"110"
"1601";"2019";"112"
"1601";"2019";"570"
"1601";"2019";"116"
"1601";"2019";"117"
"1601";"2019";"119"
"1601";"2019";"121"
"1601";"2019";"248"
"1601";"2019";"125"
"1601";"2019";"126"
"1601";"2019";"254"
"1601";"2019";"131"
"1601";"2019";"133"
"1601";"2019";"134"
"1601";"2019";"136"
"1601";"2019";"143"
"1601";"2019";"144"
"1601";"2019";"302"
"1601";"2019";"456"
"1601";"2019";"154"
"1601";"2019";"157"
"1601";"2019";"316"
"1601";"2019";"172"
"1601";"2019";"173"
"1601";"2019";"360"
"1601";"2019";"183"
"1601";"2019";"195"
"1601";"2019";"196"
"1601";"2019";"404"
"1601";"2019";"205"
"1601";"2019";"215"
"1601";"2019";"434"
"1601";"2019";"222"
"1601";"2019";"223"
"1601";"2019";"450"
"1601";"2019";"454"
"1601";"2019";"229"
"1601";"2019";"247"
"1601";"2019";"249"
"1601";"2019";"263"
"1601";"2019";"267"
"1601";"2019";"289"
"1601";"2019";"317"
"1601";"2019";"321"
"1601";"2019";"327"
"1601";"2019";"340"
"1601";"2019";"352"
"1601";"2019";"372"
"1601";"2019";"392"
"1601";"2019";"494"
"1601";"2019";"535"
"1640";"2019";"4"
"1702";"2019";"13"
"1702";"2019";"18"
"1702";"2019";"15"
"1702";"2019";"48"
"1702";"2019";"20"
"1702";"2019";"42"
"1702";"2019";"42"
"1702";"2019";"64"
"1702";"2019";"27"
"1702";"2019";"30"
"1702";"2019";"44"
"1702";"2019";"12"
"1702";"2019";"39"
"1702";"2019";"42"
"1702";"2019";"32"
"1702";"2019";"17"
"1702";"2019";"54"
"1702";"2019";"95"
"1702";"2019";"20"
"1702";"2019";"84"
"1702";"2019";"44"
"1702";"2019";"23"
"1702";"2019";"24"
"1702";"2019";"54"
"1702";"2019";"56"
"1702";"2019";"29"
"1702";"2019";"30"
"1702";"2019";"32"
"1702";"2019";"33"
"1702";"2019";"36"
"1702";"2019";"38"
"1702";"2019";"39"
"1702";"2019";"41"
"1702";"2019";"44"
"1702";"2019";"49"
"1702";"2019";"52"
"1702";"2019";"53"
"1702";"2019";"55"
"1702";"2019";"58"
"1703";"2019";"4"
"1703";"2019";"4"
"1703";"2019";"3"
"1703";"2019";"8"
"1703";"2019";"12"
"1703";"2019";"7"
"1703";"2019";"16"
"1703";"2019";"22"
"1703";"2019";"16"
"1703";"2019";"17"
"1703";"2019";"19"
"1703";"2019";"60"
"1703";"2019";"23"
"1703";"2019";"25"
"1703";"2019";"27"
"1703";"2019";"28"
"1703";"2019";"62"
"1703";"2019";"37"
"1703";"2019";"39"
"1703";"2019";"47"
"1703";"2019";"49"
"1703";"2019";"70"
"1703";"2019";"75"
"1703";"2019";"77"
"1703";"2019";"222"
"1703";"2019";"223"
"1714";"2019";"7"
"1714";"2019";"8"
"1714";"2019";"18"
"1714";"2019";"8"
"1714";"2019";"10"
"1714";"2019";"12"
"1714";"2019";"27"
"1714";"2019";"30"
"1714";"2019";"11"
"1714";"2019";"12"
"1714";"2019";"13"
"1714";"2019";"14"
"1714";"2019";"15"
"1714";"2019";"16"
"1714";"2019";"20"
"1714";"2019";"21"
"1714";"2019";"22"
"1714";"2019";"23"
"1714";"2019";"24"
"1714";"2019";"25"
"1714";"2019";"29"
"1714";"2019";"33"
"1714";"2019";"34"
"1714";"2019";"41"
"1714";"2019";"52"
"1714";"2019";"58"
"1714";"2019";"60"
"1714";"2019";"61"
"1714";"2019";"86"
"1714";"2019";"97"
"1714";"2019";"248"
"1714";"2019";"129"
"1719";"2019";"45"
"1719";"2019";"56"
"1719";"2019";"57"
"1719";"2019";"64"
"1719";"2019";"40"
"1719";"2019";"66"
"1719";"2019";"77"
"1719";"2019";"80"
"1719";"2019";"63"
"1719";"2019";"60"
"1719";"2019";"66"
"1719";"2019";"48"
"1719";"2019";"39"
"1719";"2019";"84"
"1719";"2019";"120"
"1719";"2019";"32"
"1719";"2019";"102"
"1719";"2019";"54"
"1719";"2019";"95"
"1719";"2019";"120"
"1719";"2019";"21"
"1719";"2019";"66"
"1719";"2019";"23"
"1719";"2019";"48"
"1719";"2019";"25"
"1719";"2019";"130"
"1719";"2019";"108"
"1719";"2019";"56"
"1719";"2019";"58"
"1719";"2019";"60"
"1719";"2019";"93"
"1719";"2019";"96"
"1719";"2019";"99"
"1719";"2019";"36"
"1719";"2019";"74"
"1719";"2019";"114"
"1719";"2019";"78"
"1719";"2019";"40"
"1719";"2019";"176"
"1719";"2019";"46"
"1719";"2019";"96"
"1719";"2019";"49"
"1719";"2019";"50"
"1719";"2019";"51"
"1719";"2019";"53"
"1719";"2019";"56"
"1719";"2019";"62"
"1719";"2019";"63"
"1719";"2019";"68"
"1719";"2019";"70"
"1719";"2019";"142"
"1719";"2019";"80"
"1719";"2019";"83"
"1719";"2019";"136"
"1719";"2019";"356"
"1719";"2019";"382"
"1804";"2019";"66"
"1804";"2019";"68"
"1804";"2019";"111"
"1804";"2019";"80"
"1804";"2019";"110"
"1804";"2019";"96"
"1804";"2019";"105"
"1804";"2019";"48"
"1804";"2019";"162"
"1804";"2019";"170"
"1804";"2019";"121"
"1804";"2019";"132"
"1804";"2019";"182"
"1804";"2019";"140"
"1804";"2019";"105"
"1804";"2019";"80"
"1804";"2019";"119"
"1804";"2019";"162"
"1804";"2019";"57"
"1804";"2019";"80"
"1804";"2019";"126"
"1804";"2019";"220"
"1804";"2019";"184"
"1804";"2019";"120"
"1804";"2019";"75"
"1804";"2019";"78"
"1804";"2019";"54"
"1804";"2019";"168"
"1804";"2019";"87"
"1804";"2019";"150"
"1804";"2019";"124"
"1804";"2019";"224"
"1804";"2019";"33"
"1804";"2019";"204"
"1804";"2019";"105"
"1804";"2019";"72"
"1804";"2019";"111"
"1804";"2019";"114"
"1804";"2019";"117"
"1804";"2019";"164"
"1804";"2019";"42"
"1804";"2019";"129"
"1804";"2019";"176"
"1804";"2019";"45"
"1804";"2019";"46"
"1804";"2019";"141"
"1804";"2019";"144"
"1804";"2019";"147"
"1804";"2019";"52"
"1804";"2019";"159"
"1804";"2019";"54"
"1804";"2019";"55"
"1804";"2019";"112"
"1804";"2019";"116"
"1804";"2019";"118"
"1804";"2019";"60"
"1804";"2019";"122"
"1804";"2019";"124"
"1804";"2019";"126"
"1804";"2019";"128"
"1804";"2019";"130"
"1804";"2019";"132"
"1804";"2019";"67"
"1804";"2019";"138"
"1804";"2019";"140"
"1804";"2019";"72"
"1804";"2019";"73"
"1804";"2019";"74"
"1804";"2019";"76"
"1804";"2019";"77"
"1804";"2019";"156"
"1804";"2019";"80"
"1804";"2019";"81"
"1804";"2019";"164"
"1804";"2019";"174"
"1804";"2019";"88"
"1804";"2019";"89"
"1804";"2019";"90"
"1804";"2019";"188"
"1804";"2019";"95"
"1804";"2019";"192"
"1804";"2019";"100"
"1804";"2019";"105"
"1804";"2019";"106"
"1804";"2019";"113"
"1804";"2019";"232"
"1804";"2019";"129"
"1804";"2019";"165"
"1804";"2019";"172"
"1804";"2019";"178"
"1804";"2019";"180"
"1804";"2019";"256"
"1804";"2019";"261"
"1804";"2019";"289"
"1805";"2019";"74"
"1805";"2019";"82"
"1805";"2019";"108"
"1805";"2019";"76"
"1805";"2019";"85"
"1805";"2019";"84"
"1805";"2019";"77"
"1805";"2019";"24"
"1805";"2019";"54"
"1805";"2019";"60"
"1805";"2019";"66"
"1805";"2019";"48"
"1805";"2019";"52"
"1805";"2019";"70"
"1805";"2019";"60"
"1805";"2019";"96"
"1805";"2019";"17"
"1805";"2019";"18"
"1805";"2019";"76"
"1805";"2019";"40"
"1805";"2019";"42"
"1805";"2019";"44"
"1805";"2019";"23"
"1805";"2019";"78"
"1805";"2019";"28"
"1805";"2019";"58"
"1805";"2019";"30"
"1805";"2019";"31"
"1805";"2019";"32"
"1805";"2019";"33"
"1805";"2019";"68"
"1805";"2019";"74"
"1805";"2019";"41"
"1805";"2019";"109"
"1805";"2019";"112"
"1820";"2019";"0"
"1820";"2019";"6"
"1820";"2019";"16"
"1828";"2019";"22"
"1828";"2019";"30"
"1828";"2019";"12"
"1828";"2019";"16"
"1828";"2019";"45"
"1828";"2019";"36"
"1828";"2019";"28"
"1828";"2019";"18"
"1828";"2019";"20"
"1828";"2019";"44"
"1828";"2019";"12"
"1828";"2019";"26"
"1828";"2019";"14"
"1828";"2019";"18"
"1828";"2019";"19"
"1828";"2019";"21"
"1828";"2019";"44"
"1828";"2019";"23"
"1828";"2019";"25"
"1828";"2019";"52"
"1828";"2019";"27"
"1828";"2019";"29"
"1828";"2019";"42"
"1828";"2019";"43"
"1828";"2019";"62"
"1828";"2019";"68"
"1828";"2019";"82"
"1833";"2019";"18"
"1833";"2019";"20"
"1833";"2019";"9"
"1833";"2019";"16"
"1833";"2019";"5"
"1833";"2019";"6"
"1833";"2019";"49"
"1833";"2019";"24"
"1833";"2019";"9"
"1833";"2019";"20"
"1833";"2019";"33"
"1833";"2019";"36"
"1833";"2019";"13"
"1833";"2019";"42"
"1833";"2019";"15"
"1833";"2019";"32"
"1833";"2019";"51"
"1833";"2019";"72"
"1833";"2019";"19"
"1833";"2019";"21"
"1833";"2019";"22"
"1833";"2019";"27"
"1833";"2019";"28"
"1833";"2019";"30"
"1833";"2019";"31"
"1833";"2019";"32"
"1833";"2019";"33"
"1833";"2019";"34"
"1833";"2019";"76"
"1833";"2019";"43"
"1833";"2019";"47"
"1833";"2019";"50"
"1833";"2019";"133"
"1833";"2019";"152"
"1865";"2019";"10"
"1865";"2019";"11"
"1865";"2019";"12"
"1865";"2019";"20"
"1866";"2019";"9"
"1866";"2019";"6"
"1866";"2019";"9"
"1866";"2019";"15"
"1866";"2019";"7"
"1866";"2019";"16"
"1866";"2019";"11"
"1866";"2019";"14"
"1866";"2019";"15"
"1866";"2019";"18"
"1866";"2019";"24"
"1866";"2019";"31"
"1866";"2019";"43"
"1866";"2019";"77"
"1866";"2019";"100"
"1902";"2019";"187"
"1902";"2019";"182"
"1902";"2019";"216"
"1902";"2019";"348"
"1902";"2019";"255"
"1902";"2019";"336"
"1902";"2019";"336"
"1902";"2019";"248"
"1902";"2019";"315"
"1902";"2019";"270"
"1902";"2019";"220"
"1902";"2019";"432"
"1902";"2019";"312"
"1902";"2019";"210"
"1902";"2019";"285"
"1902";"2019";"208"
"1902";"2019";"255"
"1902";"2019";"360"
"1902";"2019";"152"
"1902";"2019";"180"
"1902";"2019";"231"
"1902";"2019";"176"
"1902";"2019";"69"
"1902";"2019";"168"
"1902";"2019";"150"
"1902";"2019";"208"
"1902";"2019";"135"
"1902";"2019";"56"
"1902";"2019";"203"
"1902";"2019";"270"
"1902";"2019";"217"
"1902";"2019";"192"
"1902";"2019";"165"
"1902";"2019";"272"
"1902";"2019";"175"
"1902";"2019";"36"
"1902";"2019";"111"
"1902";"2019";"304"
"1902";"2019";"273"
"1902";"2019";"120"
"1902";"2019";"205"
"1902";"2019";"126"
"1902";"2019";"172"
"1902";"2019";"88"
"1902";"2019";"270"
"1902";"2019";"92"
"1902";"2019";"192"
"1902";"2019";"147"
"1902";"2019";"150"
"1902";"2019";"153"
"1902";"2019";"208"
"1902";"2019";"54"
"1902";"2019";"385"
"1902";"2019";"56"
"1902";"2019";"57"
"1902";"2019";"58"
"1902";"2019";"177"
"1902";"2019";"122"
"1902";"2019";"62"
"1902";"2019";"252"
"1902";"2019";"64"
"1902";"2019";"260"
"1902";"2019";"264"
"1902";"2019";"268"
"1902";"2019";"68"
"1902";"2019";"142"
"1902";"2019";"74"
"1902";"2019";"79"
"1902";"2019";"80"
"1902";"2019";"83"
"1902";"2019";"84"
"1902";"2019";"170"
"1902";"2019";"87"
"1902";"2019";"90"
"1902";"2019";"182"
"1902";"2019";"92"
"1902";"2019";"186"
"1902";"2019";"94"
"1902";"2019";"97"
"1902";"2019";"98"
"1902";"2019";"101"
"1902";"2019";"212"
"1902";"2019";"107"
"1902";"2019";"108"
"1902";"2019";"111"
"1902";"2019";"112"
"1902";"2019";"114"
"1902";"2019";"230"
"1902";"2019";"118"
"1902";"2019";"240"
"1902";"2019";"121"
"1902";"2019";"123"
"1902";"2019";"126"
"1902";"2019";"127"
"1902";"2019";"133"
"1902";"2019";"134"
"1902";"2019";"136"
"1902";"2019";"137"
"1902";"2019";"139"
"1902";"2019";"282"
"1902";"2019";"143"
"1902";"2019";"149"
"1902";"2019";"163"
"1902";"2019";"168"
"1902";"2019";"342"
"1902";"2019";"172"
"1902";"2019";"185"
"1902";"2019";"187"
"1902";"2019";"193"
"1902";"2019";"196"
"1902";"2019";"204"
"1902";"2019";"207"
"1902";"2019";"208"
"1902";"2019";"252"
"1902";"2019";"294"
"1902";"2019";"296"
"1902";"2019";"308"
"1902";"2019";"328"
"1902";"2019";"379"
"1902";"2019";"386"
"1902";"2019";"525"
"1902";"2019";"581"
"1903";"2019";"7"
"1903";"2019";"8"
"1903";"2019";"12"
"1903";"2019";"20"
"1903";"2019";"5"
"1903";"2019";"12"
"1903";"2019";"21"
"1903";"2019";"24"
"1903";"2019";"40"
"1903";"2019";"22"
"1903";"2019";"36"
"1903";"2019";"26"
"1903";"2019";"30"
"1903";"2019";"16"
"1903";"2019";"36"
"1903";"2019";"38"
"1903";"2019";"20"
"1903";"2019";"23"
"1903";"2019";"28"
"1903";"2019";"31"
"1903";"2019";"32"
"1903";"2019";"74"
"1903";"2019";"38"
"1903";"2019";"82"
"1903";"2019";"45"
"1903";"2019";"47"
"1903";"2019";"53"
"1903";"2019";"165"
"1903";"2019";"61"
"1903";"2019";"63"
"1903";"2019";"64"
"1903";"2019";"70"
"1903";"2019";"76"
"1903";"2019";"154"
"1903";"2019";"81"
"1903";"2019";"83"
"1903";"2019";"85"
"1903";"2019";"88"
"1903";"2019";"96"
"1903";"2019";"144"
"1903";"2019";"145"
"1924";"2019";"3"
"1924";"2019";"28"
"2004";"2019";"8"
"2004";"2019";"8"
"2004";"2019";"8"
"2004";"2019";"6"
"2004";"2019";"30"
"2004";"2019";"21"
"2004";"2019";"29"
"2004";"2019";"60"
"2004";"2019";"33"
"2004";"2019";"132"
"2004";"2019";"148"
"2011";"2019";"48"
"2011";"2019";"32"
"2011";"2019";"27"
"2011";"2019";"48"
"2011";"2019";"25"
"2011";"2019";"21"
"2011";"2019";"8"
"2011";"2019";"9"
"2011";"2019";"30"
"2011";"2019";"12"
"2011";"2019";"26"
"2011";"2019";"42"
"2011";"2019";"15"
"2011";"2019";"18"
"2011";"2019";"20"
"2011";"2019";"24"
"2012";"2019";"20"
"2012";"2019";"14"
"2012";"2019";"36"
"2012";"2019";"16"
"2012";"2019";"45"
"2012";"2019";"60"
"2012";"2019";"28"
"2012";"2019";"56"
"2012";"2019";"36"
"2012";"2019";"40"
"2012";"2019";"77"
"2012";"2019";"48"
"2012";"2019";"26"
"2012";"2019";"14"
"2012";"2019";"30"
"2012";"2019";"48"
"2012";"2019";"54"
"2012";"2019";"19"
"2012";"2019";"20"
"2012";"2019";"84"
"2012";"2019";"46"
"2012";"2019";"96"
"2012";"2019";"75"
"2012";"2019";"104"
"2012";"2019";"54"
"2012";"2019";"56"
"2012";"2019";"58"
"2012";"2019";"33"
"2012";"2019";"36"
"2012";"2019";"37"
"2012";"2019";"39"
"2012";"2019";"41"
"2012";"2019";"42"
"2012";"2019";"94"
"2012";"2019";"96"
"2012";"2019";"53"
"2012";"2019";"168"
"2012";"2019";"58"
"2012";"2019";"66"
"2012";"2019";"75"
"2012";"2019";"80"
"2012";"2019";"83"
"2012";"2019";"91"
"2012";"2019";"110"
"2012";"2019";"116"
"2012";"2019";"160"
"2012";"2019";"194"
"2012";"2019";"228"
"2012";"2019";"323"
"2030";"2019";"0"
"2030";"2019";"4"
"2030";"2019";"10"
"2030";"2019";"14"
"2100";"2019";"3"
"2100";"2019";"7"
"2111";"2019";"0"
"2111";"2019";"4"
"5001";"2019";"287"
"5001";"2019";"270"
"5001";"2019";"336"
"5001";"2019";"284"
"5001";"2019";"410"
"5001";"2019";"264"
"5001";"2019";"462"
"5001";"2019";"448"
"5001";"2019";"441"
"5001";"2019";"460"
"5001";"2019";"440"
"5001";"2019";"300"
"5001";"2019";"299"
"5001";"2019";"448"
"5001";"2019";"285"
"5001";"2019";"480"
"5001";"2019";"476"
"5001";"2019";"360"
"5001";"2019";"494"
"5001";"2019";"320"
"5001";"2019";"441"
"5001";"2019";"418"
"5001";"2019";"414"
"5001";"2019";"216"
"5001";"2019";"300"
"5001";"2019";"338"
"5001";"2019";"594"
"5001";"2019";"252"
"5001";"2019";"290"
"5001";"2019";"390"
"5001";"2019";"372"
"5001";"2019";"192"
"5001";"2019";"231"
"5001";"2019";"442"
"5001";"2019";"455"
"5001";"2019";"360"
"5001";"2019";"259"
"5001";"2019";"304"
"5001";"2019";"273"
"5001";"2019";"320"
"5001";"2019";"246"
"5001";"2019";"84"
"5001";"2019";"215"
"5001";"2019";"352"
"5001";"2019";"315"
"5001";"2019";"322"
"5001";"2019";"235"
"5001";"2019";"192"
"5001";"2019";"245"
"5001";"2019";"200"
"5001";"2019";"153"
"5001";"2019";"260"
"5001";"2019";"265"
"5001";"2019";"270"
"5001";"2019";"55"
"5001";"2019";"168"
"5001";"2019";"171"
"5001";"2019";"174"
"5001";"2019";"236"
"5001";"2019";"60"
"5001";"2019";"122"
"5001";"2019";"315"
"5001";"2019";"128"
"5001";"2019";"65"
"5001";"2019";"198"
"5001";"2019";"201"
"5001";"2019";"204"
"5001";"2019";"138"
"5001";"2019";"140"
"5001";"2019";"497"
"5001";"2019";"432"
"5001";"2019";"219"
"5001";"2019";"148"
"5001";"2019";"150"
"5001";"2019";"152"
"5001";"2019";"77"
"5001";"2019";"234"
"5001";"2019";"160"
"5001";"2019";"164"
"5001";"2019";"83"
"5001";"2019";"168"
"5001";"2019";"85"
"5001";"2019";"87"
"5001";"2019";"91"
"5001";"2019";"184"
"5001";"2019";"94"
"5001";"2019";"96"
"5001";"2019";"196"
"5001";"2019";"99"
"5001";"2019";"204"
"5001";"2019";"210"
"5001";"2019";"106"
"5001";"2019";"107"
"5001";"2019";"216"
"5001";"2019";"110"
"5001";"2019";"111"
"5001";"2019";"339"
"5001";"2019";"115"
"5001";"2019";"232"
"5001";"2019";"234"
"5001";"2019";"118"
"5001";"2019";"119"
"5001";"2019";"240"
"5001";"2019";"242"
"5001";"2019";"122"
"5001";"2019";"123"
"5001";"2019";"125"
"5001";"2019";"126"
"5001";"2019";"127"
"5001";"2019";"128"
"5001";"2019";"132"
"5001";"2019";"133"
"5001";"2019";"134"
"5001";"2019";"139"
"5001";"2019";"141"
"5001";"2019";"142"
"5001";"2019";"286"
"5001";"2019";"145"
"5001";"2019";"292"
"5001";"2019";"156"
"5001";"2019";"159"
"5001";"2019";"161"
"5001";"2019";"162"
"5001";"2019";"164"
"5001";"2019";"338"
"5001";"2019";"171"
"5001";"2019";"174"
"5001";"2019";"177"
"5001";"2019";"364"
"5001";"2019";"185"
"5001";"2019";"380"
"5001";"2019";"398"
"5001";"2019";"200"
"5001";"2019";"202"
"5001";"2019";"207"
"5001";"2019";"208"
"5001";"2019";"211"
"5001";"2019";"217"
"5001";"2019";"222"
"5001";"2019";"235"
"5001";"2019";"239"
"5001";"2019";"241"
"5001";"2019";"250"
"5001";"2019";"753"
"5001";"2019";"260"
"5001";"2019";"273"
"5001";"2019";"290"
"5001";"2019";"298"
"5001";"2019";"333"
"5001";"2019";"341"
"5001";"2019";"364"
"5001";"2019";"366"
"5001";"2019";"382"
"5001";"2019";"533"
"5001";"2019";"573"
"9899";"2019";"3"
"9899";"2019";"6"
"9899";"2019";"12"
"9899";"2019";"7"
"9899";"2019";"8"
"9899";"2019";"113"
"9899";"2019";"114"
"9899";"2019";"175"
"9899";"2019";"181"
"9999";"2019";"14"
"9999";"2019";"14"
"9999";"2019";"12"
"9999";"2019";"12"
"9999";"2019";"10"
"9999";"2019";"14"
"9999";"2019";"9"
"9999";"2019";"10"
"9999";"2019";"14"
"9999";"2019";"17"
"9999";"2019";"52"
"9999";"2019";"33"
"9999";"2019";"60"
"9999";"2019";"71"